id,label,type
Etudiant_P00278,P00278,Etudiant
Matiere_Philosophie,Philosophie,Matiere
Metier_Expert_en_contentieux_d_affaires_Agent_de_recouvrement,Expert en contentieux d'affaires / Agent de recouvrement,Metier
Parcours_Electromecanique_et_Informatique_Industrielle,Électromécanique et Informatique Industrielle,Parcours
Matiere_Mecanique_Generale,Mécanique Génerale,Matiere
Parcours_Industries_Agroalimentaires,Industries Agroalimentaires,Parcours
Matiere_Management,Management,Matiere
Parcours_Informatique_Multimedia_Technologie_de_l_Information_et_de_la_Communication_et_I,"Informatique Multimédia, Technologie de l'Information et de la Communication et Intelligence Artificielle",Parcours
Matiere_Intelligence_Artificielle,Intelligence Artificielle,Matiere
Prerequis_Technique_genie_civil_BTP,Technique génie civil / BTP,Prerequis
Matiere_Elements_finis,Elements finis,Matiere
Matiere,Matière,
Parcours_Informatique_Statistique_Appliquee_et_Intelligence_Artificielle,"Informatique, Statistique Appliquée et Intelligence Artificielle",Parcours
Metier_Data_Scientist_Data_Analyst,Data Scientist / Data Analyst,Metier
Parcours_Tourisme_et_Environnement,Tourisme et Environnement,Parcours
Prerequis_Baccalaureat_serie_C,Baccalauréat série C,Prerequis
Parcours_Electronique_Systemes_Informatiques_et_Intelligence_Artificielle,"Électronique, Systèmes Informatiques et Intelligence Artificielle",Parcours
Matiere_Recherche_Operationnelle,Recherche Opérationnelle,Matiere
Metier_Responsable_de_production_pharmaceutique_Ingenieur_formulation,Responsable de production pharmaceutique / Ingénieur formulation,Metier
Metier,Métier,
Metier_Ingenieur_d_etudes_BTP,Ingénieur d'études BTP,Metier
Matiere_Allemand,Allemand,Matiere
Matiere_Statistiques_appliquees,Statistiques appliquées,Matiere
Matiere_PHP,PHP,Matiere
Etudiant_P01160,P01160,Etudiant
Parcours_Industries_Chimiques_Minieres_et_Petrolieres,"Industries Chimiques, Minières et Pétrolières",Parcours
Metier_Responsable_HSE_Hygiene_Securite_Environnement_industriel,"Responsable HSE (Hygiène, Sécurité, Environnement) industriel",Metier
Matiere_Physiologie_Animale,Physiologie Animale,Matiere
Matiere_Cartographie,Cartographie,Matiere
Matiere_Comptabilite_financiere,Comptabilité financière,Matiere
Matiere_Fabrication_Mecanique,Fabrication Mécanique,Matiere
Metier_Auditeur_financier,Auditeur financier,Metier
Prerequis_Baccalaureat_serie_S,Baccalauréat série S,Prerequis
Metier_Consultant_en_management,Consultant en management,Metier
Parcours_Pharmacologie_et_Industries_Pharmaceutiques,Pharmacologie et Industries Pharmaceutiques,Parcours
Matiere_Chimie_analytique,Chimie analytique,Matiere
Matiere_Aeronautique,Aéronautique,Matiere
Parcours_Droit_et_Techniques_Juridiques_des_Affaires,Droit et Techniques Juridiques des Affaires,Parcours
Metier_Juriste_specialise_Foncier_Minier_Douanes,"Juriste spécialisé (Foncier, Minier, Douanes)",Metier
Matiere_Semiologie,Sémiologie,Matiere
Etudiant_P00410,P00410,Etudiant
Matiere_Assainissement,Assainissement,Matiere
Metier_Responsable_suivi_evaluation,Responsable suivi-évaluation,Metier
Parcours_Finances_et_Comptabilite,Finances et Comptabilité,Parcours
Matiere_Analyse_financiere,Analyse financiere,Matiere
Parcours_Commerce_et_Administration_des_Affaires,Commerce et Administration des Affaires,Parcours
Matiere_Gestion_de_projet,Gestion de projet,Matiere
Prerequis_Baccalaureat_serie_TFFI,Baccalauréat série TFFI,Prerequis
Prerequis,Prérequis,
Source_ISPM_Conditions_d_acces_en_premiere_annee,ISPM — Conditions d'accès en première année,Source
Etudiant_P01225,P01225,Etudiant
Prerequis_Baccalaureat_serie_TPFM,Baccalauréat série TPFM,Prerequis
Matiere_Etude_d_impact_environnemental,Etude d'impact environnemental,Matiere
Matiere_technologie_et_transformation_du_cafe_et_cacao,technologie et transformation du café et cacao,Matiere
Matiere_Hydraulique,Hydraulique,Matiere
Etudiant_P01296,P01296,Etudiant
Matiere_Economie,Economie,Matiere
Matiere_Unified_Modeling_Language,Unified Modeling Language,Matiere
Matiere_UI_UX,UI/UX,Matiere
Matiere_Immunopathologie,Immunopathologie,Matiere
Matiere_Informatique_Scientifique,Informatique Scientifique,Matiere
Matiere_Technique_d_agence,Technique d'agence,Matiere
Competence_Traitement_Big_Data,Traitement Big Data,CompetenceDisciplinaire
CompetenceDisciplinaire,Compétence disciplinaire,
Interet_Benevolat_associatif,Bénévolat associatif,CentreInteret
Prerequis_Technique_industrielle,Technique industrielle,Prerequis
Competence_Controle_de_gestion,Contrôle de gestion,CompetenceDisciplinaire
Matiere_Algorithme_Avance,Algorithme Avancé,Matiere
Matiere_Atomistique,Atomistique,Matiere
Competence_Gestion_financiere_Analyse,Gestion financière & Analyse,CompetenceDisciplinaire
Matiere_Geometrie_appliquee_aux_Formes_et_Images,Géométrie appliquée aux Formes et Images,Matiere
Matiere_Programmation_Logique,Programmation Logique,Matiere
Metier_Gestionnaire_administratif_et_financier,Gestionnaire administratif et financier,Metier
Metier_Assistant_juridique_en_cabinet_d_avocats_ou_d_huissiers,Assistant juridique en cabinet d'avocats ou d'huissiers,Metier
Metier_Chef_Comptable,Chef Comptable,Metier
Matiere_Fondation,Fondation,Matiere
Matiere_Deep_Learning,Deep Learning,Matiere
Matiere_Java,Java,Matiere
Competence_Gestion_de_projet_Analyse_financiere,Gestion de projet & Analyse financière,CompetenceDisciplinaire
Metier_Webmaster_Developpeur_Front_end,Webmaster / Développeur Front-end,Metier
Interet_Langues_etrangeres,Langues étrangères,CentreInteret
Matiere_Biologie_Animale,Biologie Animale,Matiere
Metier_Comptable_Chef_Comptable_Expert_comptable_after_stage,Comptable / Chef Comptable / Expert-comptable (after stage),Metier
Matiere_Plantes_medicales,Plantes médicales,Matiere
Matiere_Electricite_des_batiments,Electricité des batiments,Matiere
Metier_Responsable_Maintenance,Responsable Maintenance,Metier
Matiere_Vibration,Vibration,Matiere
Metier_Tresorier_d_entreprise,Trésorier d'entreprise,Metier
Etudiant_P00803,P00803,Etudiant
Etudiant,Étudiant,
Matiere_Droit_de_la_concurrence,Droit de la concurrence,Matiere
Competence_Thermodynamique_Froid,Thermodynamique & Froid,CompetenceDisciplinaire
Matiere_physiologie_nutritionnelle,physiologie nutritionnelle,Matiere
Metier_Responsable_de_production_en_usine_Gestionnaire_d_atelier,Responsable de production en usine / Gestionnaire d'atelier,Metier
Competence_Droit_administratif_Constitutionnel,Droit administratif & Constitutionnel,CompetenceDisciplinaire
Parcours_Informatique_de_Gestion_Genie_Logiciel_et_Intelligence_Artificielle,"Informatique de Gestion, Génie Logiciel et Intelligence Artificielle",Parcours
Matiere_C,C#,Matiere
Matiere_Economie_bleu,Economie bleu,Matiere
Parcours_Agriculture_et_Elevage,Agriculture et Élevage,Parcours
Matiere_Vulgarisation_agricole_et_animation_rurale,Vulgarisation agricole et animation rurale,Matiere
Matiere_Technologie_ferroviaire,Technologie ferroviaire,Matiere
Matiere_Physiologie_Vegetale,Physiologie Vegetale,Matiere
Competence_Connaissance_du_patrimoine_environnemental_et_culturel_malgache,Connaissance du patrimoine environnemental et culturel malgache,CompetenceDisciplinaire
Parcours_Genie_Civil_et_Architecture,Génie Civil et Architecture,Parcours
Matiere_Technique_des_batiments,Technique des batiments,Matiere
Matiere_Pharmacologie_des_grandes_fonctions,Pharmacologie des grandes fonctions,Matiere
Competence_curiosite,curiosité,CompetenceTransversale
Etudiant_P01139,P01139,Etudiant
Matiere_SVT,SVT,Matiere
Metier_Architecte_Hardware_Responsable_maintenance,Architecte Hardware / Responsable maintenance,Metier
Metier_Directeur_Administratif_et_Financier_DAF,Directeur Administratif et Financier (DAF),Metier
Matiere_Droit_des_biens,Droit des biens,Matiere
Matiere_Aviculture,Aviculture,Matiere
Matiere_Virologie,Virologie,Matiere
Competence_Agroecologie_Agriculture_Bio,Agroécologie & Agriculture Bio,CompetenceDisciplinaire
Metier_Consultant_environnemental,Consultant environnemental,Metier
Competence_Ingenierie_des_infrastructures_routieres_hydrauliques_et_portuaires,"Ingénierie des infrastructures routières, hydrauliques et portuaires",CompetenceDisciplinaire
Metier_Manager_d_entreprise,Manager d'entreprise,Metier
Competence_Developpement_rural_Vulgarisation,Développement rural & Vulgarisation,CompetenceDisciplinaire
Metier_Statisticien_financier_Actuaire,Statisticien financier / Actuaire,Metier
Matiere_AUTOCAD,AUTOCAD,Matiere
Matiere_Genetique,Génétique,Matiere
Metier_Chef_de_projet_BTP_services_industrie_public_prive,"Chef de projet (BTP, services, industrie, public/privé)",Metier
Competence_Analyse_des_marches_et_economie_monetaire_internationale,Analyse des marchés et économie monétaire/internationale,CompetenceDisciplinaire
appartientAMention,appartient à la mention,
Metier_Ingenieur_en_bureau_d_etudes,Ingénieur en bureau d'études,Metier
Etudiant_P00464,P00464,Etudiant
Competence_esprit_d_equipe,esprit d'équipe,CompetenceTransversale
Matiere_Technologie_des_batiments,Technologie des bâtiments,Matiere
Matiere_Technique_bancaire,Technique bancaire,Matiere
Metier_Charge_de_Recherche_et_Developpement_R_D_alimentaire,Chargé de Recherche et Développement (R&D) alimentaire,Metier
Matiere_Lait,Lait,Matiere
Etudiant_P01127,P01127,Etudiant
Matiere_Malgache,Malgache,Matiere
Competence_Technique_bancaire_Tresorerie,Technique bancaire & Trésorerie,CompetenceDisciplinaire
Matiere_Apiculture,Apiculture,Matiere
Competence_Suivi_evaluation,Suivi-évaluation,CompetenceDisciplinaire
Matiere_Combinatoire_et_probabilites,Combinatoire et probabilités,Matiere
Etudiant_P00978,P00978,Etudiant
Matiere_Bio_informatique,Bio-informatique,Matiere
Matiere_Gestion_previsionnelle,Gestion prévisionnelle,Matiere
Matiere_Ressources_minieres,Ressources minieres,Matiere
Competence_Sensibilisation_au_tourisme_durable,Sensibilisation au tourisme durable,CompetenceDisciplinaire
Metier_Ingenieur_en_Automatismes,Ingénieur en Automatismes,Metier
Etudiant_P00630,P00630,Etudiant
Competence_sens_de_l_observation,sens de l'observation,CompetenceTransversale
Matiere_Maintenance_avion,Maintenance avion,Matiere
Metier_Ingenieur_petrolier_prospection_forage_raffinage,"Ingénieur pétrolier (prospection, forage, raffinage)",Metier
Matiere_Electricite_Industrielle,Electricité Industrielle,Matiere
Matiere_Merise,Merise,Matiere
Matiere_Sites_touristiques,Sites touristiques,Matiere
Prerequis_Baccalaureat_serie_D,Baccalauréat série D,Prerequis
Etudiant_P01592,P01592,Etudiant
Matiere_Anglais,Anglais,Matiere
Prerequis_Baccalaureat_serie_A1,Baccalauréat série A1,Prerequis
Metier_Manager_de_filiere_agricole,Manager de filière agricole,Metier
Matiere_GLCIA,GLCIA,Matiere
Matiere_Thermochimie,Thermochimie,Matiere
Metier_Concepteur_Collaborateur_d_architecte,Concepteur / Collaborateur d'architecte,Metier
Matiere_Electronique,Electronique,Matiere
Metier_Responsable_Qualite_et_Hygiene_HACCP,Responsable Qualité et Hygiène (HACCP),Metier
Matiere_Resistance_des_materiaux,Resistance des matériaux,Matiere
Competence_autonomie,autonomie,CompetenceTransversale
Matiere_Politique_economique,Politique economique,Matiere
Competence_Calcul_de_structures_RDM,Calcul de structures & RDM,CompetenceDisciplinaire
Competence_Art_culinaire_Hygiene,Art culinaire & Hygiène,CompetenceDisciplinaire
Matiere_Mathematiques,Mathematiques,Matiere
Competence_Audit_Fiscalite,Audit & Fiscalité,CompetenceDisciplinaire
Matiere_Photo,Photo,Matiere
Metier_Analyste_Programmeur_Concepteur,Analyste-Programmeur / Concepteur,Metier
Matiere_Elevage,Elevage,Matiere
Matiere_Serriculture,Serriculture,Matiere
Competence_Management_d_equipe_and_planification_strategique,Management d'équipe and planification stratégique,CompetenceDisciplinaire
Matiere_Base_de_Donnees,Base de Données,Matiere
Competence_Gestion_financiere_et_previsionnelle_de_projets,Gestion financière et prévisionnelle de projets,CompetenceDisciplinaire
Metier_Ingenieur_Machine_Learning_Consultant_IA,Ingénieur Machine Learning / Consultant IA,Metier
Matiere_Cryptographie,Cryptographie,Matiere
Matiere_Petrologie,Petrologie,Matiere
Competence_Machine_Learning_Data_Science,Machine Learning & Data Science,CompetenceDisciplinaire
Matiere_Contrat_d_entreprise,Contrat d'entreprise,Matiere
Matiere_Algorithme,Algorithme,Matiere
Competence_perseverance,persévérance,CompetenceTransversale
Matiere_Culture_de_rentes,Culture de rentes,Matiere
Matiere_Hydraulique_routiere,Hydraulique routière,Matiere
Competence_Analyse_socio_economique_et_management_de_projet_de_developpement,Analyse socio-économique et management de projet de développement,CompetenceDisciplinaire
Matiere_Techno_Restau,Techno Restau,Matiere
Metier_Specialiste_en_procedes_industriels,Spécialiste en procédés industriels,Metier
Matiere_Droit_commercial,Droit commercial,Matiere
Etudiant_P00218,P00218,Etudiant
Etudiant_P00156,P00156,Etudiant
Competence_Gestion_de_la_production_industrielle_et_emballage_alimentaire,Gestion de la production industrielle et emballage alimentaire,CompetenceDisciplinaire
Metier_Controleur_de_gestion,Contrôleur de gestion,Metier
Matiere_Environnement,Environnement,Matiere
Metier_Urbaniste_Expert_en_amenagement_du_territoire,Urbaniste / Expert en aménagement du territoire,Metier
Competence_Comptabilite_financiere,Comptabilité financière,CompetenceDisciplinaire
Matiere_Gestion_de_projet_de_developpement,Gestion de projet de developpement,Matiere
Prerequis_Baccalaureat_serie_DAMB,Baccalauréat série DAMB,Prerequis
Matiere_Agroecologie,Agroecologie,Matiere
Matiere_Assembleur,Assembleur,Matiere
Matiere_Neuro_marketing,Neuro-marketing,Matiere
Etudiant_P01348,P01348,Etudiant
Competence_Gestion_technique_et_administrative_de_chantiers_BTP,Gestion technique et administrative de chantiers BTP,CompetenceDisciplinaire
Matiere_Mecanique_des_sols,Mécanique des sols,Matiere
Parcours_Economie_et_Management_de_Projet,Économie et Management de Projet,Parcours
Metier_Responsable_de_projet_de_developpement_ONG_International,Responsable de projet de développement (ONG / International),Metier
Matiere_Arboriculture_fruitiere,Arboriculture fruitiere,Matiere
Metier_Expert_en_genie_climatique_industriel,Expert en génie climatique industriel,Metier
Etudiant_P00975,P00975,Etudiant
Matiere_Thermo_physique,Thermo physique,Matiere
Matiere_Zootechnie,Zootechnie,Matiere
Competence_Dimensionnement_et_calcul_de_structures_RDM_Elements_finis,"Dimensionnement et calcul de structures (RDM, Éléments finis)",CompetenceDisciplinaire
Matiere_Macroeconomie,Macroeconomie,Matiere
Metier_Consultant_en_management_et_developpement,Consultant en management et développement,Metier
Matiere_Maintenance_des_batiments,Maintenance des bâtiments,Matiere
Matiere_Mecanique_analytique,Mecanique analytique,Matiere
Etudiant_P01185,P01185,Etudiant
Competence_Veille_reglementaire_et_securisation_contractuelle_des_affaires,Veille réglementaire et sécurisation contractuelle des affaires,CompetenceDisciplinaire
Competence_Maintenance_Hardware_Microcontroleurs,Maintenance Hardware & Microcontrôleurs,CompetenceDisciplinaire
Interet_Sport,Sport,CentreInteret
Etudiant_P00305,P00305,Etudiant
Parcours,Parcours,
Metier_Responsable_des_ressources_humaines_Volet_juridique_Droit_du_travail,Responsable des ressources humaines (Volet juridique/Droit du travail),Metier
Competence_Maitrise_de_l_accueil_de_l_hygiene_et_de_la_relation_client_de_luxe,"Maîtrise de l'accueil, de l'hygiène et de la relation client de luxe",CompetenceDisciplinaire
Competence_Droit_foncier_Minier,Droit foncier & Minier,CompetenceDisciplinaire
Competence_Genie_des_procedes_Chimie,Génie des procédés & Chimie,CompetenceDisciplinaire
Metier_Ingenieur_Chimiste,Ingénieur Chimiste,Metier
Metier_Gestionnaire_de_tresorerie_Tresorier_d_entreprise,Gestionnaire de trésorerie / Trésorier d'entreprise,Metier
Matiere_Ethnopharmacologie,Ethnopharmacologie,Matiere
Competence_Production_montage_et_traitement_audiovisuel_Son_Photo_Video,"Production, montage et traitement audiovisuel (Son, Photo, Vidéo)",CompetenceDisciplinaire
Interet_Dessin_et_design,Dessin et design,CentreInteret
Competence_Pilotage_des_procedes_de_transformation_agroalimentaire_cafe_cacao_lait,"Pilotage des procédés de transformation agroalimentaire (café, cacao, lait)",CompetenceDisciplinaire
Metier_Responsable_suivi_evaluation_de_projets,Responsable suivi-évaluation de projets,Metier
Etudiant_P00433,P00433,Etudiant
Competence_sens_de_l_organisation,sens de l'organisation,CompetenceTransversale
Metier_UX_Designer_Developpeur_Multimedia,UX Designer / Développeur Multimédia,Metier
Competence_Gestion_et_pilotage_de_projets_de_developpement_rural_et_agrobusiness,Gestion et pilotage de projets de développement rural et agrobusiness,CompetenceDisciplinaire
Metier_Ingenieur_en_automatisation_et_robotique_industrielle,Ingénieur en automatisation et robotique industrielle,Metier
Competence_Expertise_en_geotechnique_et_mecanique_des_sols,Expertise en géotechnique et mécanique des sols,CompetenceDisciplinaire
Matiere_Bacteriologie_medicale,Bactériologie medicale,Matiere
aLibelle,aLibelle,
Matiere_Ossatures_bois,Ossatures bois,Matiere
Metier_Guide_touristique_expert_Interprete,Guide touristique expert / Interprète,Metier
Matiere_Langage_C,Langage C,Matiere
Matiere_Organisation,Organisation,Matiere
Interet_Gestion,Gestion,CentreInteret
Matiere_Droit_des_douanes,Droit des douanes,Matiere
Competence_Ecotourisme_Environnement,Ecotourisme & Environnement,CompetenceDisciplinaire
Matiere_Immunologie,Immunologie,Matiere
Matiere_Developpement_rural,Developpement rural,Matiere
Matiere_Civilisation_appliquee,Civilisation appliquée,Matiere
Competence_Gestion_administrative_organisationnelle_et_management_d_entreprise,"Gestion administrative, organisationnelle et management d'entreprise",CompetenceDisciplinaire
Competence_Raffinage_Petrochimie,Raffinage & Pétrochimie,CompetenceDisciplinaire
Matiere_Moteur_a_combustion_interne,Moteur à combustion interne,Matiere
Metier_Responsable_logistique_de_denrees_perissables,Responsable logistique de denrées périssables,Metier
Matiere_Physiologie_animale,Physiologie animale,Matiere
prepareA,prépare à,
Competence_Gestion_de_projet_informatique,Gestion de projet informatique,CompetenceDisciplinaire
Matiere_Cybersecurite,Cybersécurité,Matiere
Competence_Maitrise_de_la_securite_sanitaire_et_normes_qualite_HACCP_ISO,"Maîtrise de la sécurité sanitaire et normes qualité (HACCP, ISO)",CompetenceDisciplinaire
Interet_Reseaux_sociaux_et_numerique,Réseaux sociaux et numérique,CentreInteret
Matiere_Additifs_alimentaires,Additifs alimentaires,Matiere
Competence_Management_hotelier_Restauration,Management hôtelier & Restauration,CompetenceDisciplinaire
Matiere_Son,Son,Matiere
Metier_Auditeur_fiscal,Auditeur fiscal,Metier
Etudiant_P00957,P00957,Etudiant
Prerequis_Baccalaureat_serie_L,Baccalauréat série L,Prerequis
Competence_Gestion_de_projets_de_communication_digitale_et_PAO,Gestion de projets de communication digitale et PAO,CompetenceDisciplinaire
Metier_Tous_les_metiers_du_secteur_IT_Mention_Informatique_Telecommunications,Tous les métiers du secteur IT (Mention Informatique & Télécommunications),Metier
Metier_Analyste_financier_en_banque_ou_cabinet_d_audit,Analyste financier en banque ou cabinet d'audit,Metier
Competence_Audit_financier_et_controle_de_gestion_approfondi,Audit financier et contrôle de gestion approfondi,CompetenceDisciplinaire
Matiere_Droit_minier,Droit minier,Matiere
Metier_Ingenieur_de_maintenance_electronique,Ingénieur de maintenance électronique,Metier
Matiere_Experimentation_biometrique,Experimentation biometrique,Matiere
Matiere_SGBDR,SGBDR,Matiere
Competence_Maintenance_multi_technique,Maintenance multi-technique,CompetenceDisciplinaire
Matiere_Genie_fermentaire,Genie fermentaire,Matiere
Matiere_Linux,Linux,Matiere
Matiere_Francais,Francais,Matiere
Etudiant_P01067,P01067,Etudiant
Matiere_Histoire_Geo,Histoire Geo,Matiere
Metier_Ingenieur_en_maintenance_industrielle_Responsable_Maintenance,Ingénieur en maintenance industrielle / Responsable Maintenance,Metier
Matiere_Biotechnologie,Biotechnologie,Matiere
Metier_Conseiller_juridique_en_entreprise_Juriste_d_affaires,Conseiller juridique en entreprise / Juriste d'affaires,Metier
Metier_Professionnel_du_secteur_du_tourisme,Professionnel du secteur du tourisme,Metier
prefere,préfère,
Matiere_Economie_monetaire,Economie monetaire,Matiere
Etudiant_P00495,P00495,Etudiant
Competence_rigueur,rigueur,CompetenceTransversale
Matiere_Hydrologie,Hydrologie,Matiere
Metier_Gestionnaire_d_unites_de_transformation_Chef_de_production,Gestionnaire d'unités de transformation / Chef de production,Metier
Matiere_Mathematique_financiere,Mathematique financiere,Matiere
Matiere_Telecommunication,Télécommunication,Matiere
Matiere_Biochimie,Biochimie,Matiere
Matiere_Biologie_vegetale,Biologie végétale,Matiere
Matiere_Hydrologie_appliquee,Hydrologie appliquée,Matiere
Metier_Analyste_economique_Charge_d_etudes_economiques,Analyste économique / Chargé d'études économiques,Metier
Matiere_Pascal,Pascal,Matiere
Competence_aisance_relationnelle,aisance relationnelle,CompetenceTransversale
Matiere_Fiscalite,Fiscalité,Matiere
Competence_Modelisation_predictive_Machine_Learning_Deep_Learning,Modélisation prédictive (Machine Learning & Deep Learning),CompetenceDisciplinaire
Etudiant_P01335,P01335,Etudiant
Matiere_Gestion_de_Projet,Gestion de Projet,Matiere
Matiere_Dessin,Dessin,Matiere
Interet_Automobile_et_aeronautique,Automobile et aéronautique,CentreInteret
Matiere_Fruits_et_legumes,Fruits et légumes,Matiere
Competence_Statistiques_appliquees_Analyse,Statistiques appliquées & Analyse,CompetenceDisciplinaire
Interet_Mecanique,Mécanique,CentreInteret
CentreInteret,Centre d'intérêt,
Competence_Ethnopharmacologie_Phytochimie,Ethnopharmacologie & Phytochimie,CompetenceDisciplinaire
Matiere_Ondes_et_Propagations,Ondes et Propagations,Matiere
Competence_Amenagement_urbain_portuaire,Aménagement urbain & portuaire,CompetenceDisciplinaire
Matiere_Musique,Musique,Matiere
Matiere_Informatique_Quantique,Informatique Quantique,Matiere
Etudiant_P01247,P01247,Etudiant
Matiere_Port,Port,Matiere
Competence_Gestion_de_chantier_Metre,Gestion de chantier & Métré,CompetenceDisciplinaire
Metier_Analyste_de_donnees_Statisticien,Analyste de données / Statisticien,Metier
Metier_Responsable_ecotourisme_Consultant_en_developpement_durable,Responsable écotourisme / Consultant en développement durable,Metier
Matiere_Chimie_industrielle,Chimie industrielle,Matiere
Competence_Maitrise_des_techniques_de_negociation_et_de_vente_internationale,Maîtrise des techniques de négociation et de vente internationale,CompetenceDisciplinaire
Competence_Technique_d_agence_Accueil,Technique d'agence & Accueil,CompetenceDisciplinaire
Matiere_Arts,Arts,Matiere
Matiere_Economie_mathematique,Economie mathematique,Matiere
Interet_Lecture,Lecture,CentreInteret
Metier_Juriste_en_administration_publique,Juriste en administration publique,Metier
Matiere_ARCHICAD,ARCHICAD,Matiere
Metier_Ingenieur_Big_Data,Ingénieur Big Data,Metier
Prerequis_Baccalaureat_serie_A2,Baccalauréat série A2,Prerequis
Prerequis_Baccalaureat_serie_TMEL,Baccalauréat série TMEL,Prerequis
Metier_Specialiste_en_communication_digitale_Community_Manager,Spécialiste en communication digitale / Community Manager,Metier
Source_ISPM_Les_differents_departements_et_filieres,ISPM — Les différents départements et filières,Source
Matiere_Immuno_clinique,Immuno clinique,Matiere
Matiere_Phytochimie,Phytochimie,Matiere
Competence_Conception_et_modelisation_logicielle_avancee_UML_Merise,"Conception et modélisation logicielle avancée (UML, Merise)",CompetenceDisciplinaire
Source_ISPM_Presentation_generale,ISPM — Présentation générale,Source
Competence_Maitrise_de_la_fiscalite_d_entreprise_et_du_droit_des_societes,Maîtrise de la fiscalité d'entreprise et du droit des sociétés,CompetenceDisciplinaire
Matiere_Finance_mathematique,Finance mathématique,Matiere
Matiere_Maintenance_des_Systemes_Electroniques,Maintenance des Systèmes Electroniques,Matiere
aCentreInteret,a pour centre d'intérêt,
provientDeSource,provient de la source,
Matiere_Droit_de_la_procedure_collective,Droit de la procedure collective,Matiere
Competence_Conception_et_programmation_de_systemes_embarques_Microcontroleurs,Conception et programmation de systèmes embarqués (Microcontrôleurs),CompetenceDisciplinaire
Matiere_Technique_de_vente,Technique de vente,Matiere
Matiere_Pharmacologie_moleculaire_et_cellulaire,Pharmacologie moléculaire et cellulaire,Matiere
Competence_Marketing_International,Marketing International,CompetenceDisciplinaire
Metier_Responsable_export,Responsable export,Metier
Matiere_Pharmacologie_moleculaire,Pharmacologie moléculaire,Matiere
Competence_Management_strategique,Management stratégique,CompetenceDisciplinaire
Matiere_Chimie_organique,Chimie organique,Matiere
Matiere_Choix_d_investissement,Choix d'investissement,Matiere
Matiere_Economie_de_l_environnement,Economie de l'environnement,Matiere
Etudiant_P01545,P01545,Etudiant
Matiere_Biologie_Vegetale,Biologie Vegetale,Matiere
Metier_Responsable_commercial,Responsable commercial,Metier
Matiere_Hygiene,Hygiène,Matiere
Metier_Entrepreneur_en_BTP_Maitre_d_uvre,Entrepreneur en BTP / Maître d'œuvre,Metier
Competence_Ingenierie_hydraulique_routiere,Ingénierie hydraulique & routière,CompetenceDisciplinaire
Matiere_Genie_industriel_alimentaire,Génie industriel alimentaire,Matiere
Matiere_Petrochimie,Petrochimie,Matiere
Competence_Conseil_juridique_strategique_et_defense_des_interets_de_l_entreprise,Conseil juridique stratégique et défense des intérêts de l'entreprise,CompetenceDisciplinaire
Metier_Technicien_Ingenieur_de_laboratoire,Technicien / Ingénieur de laboratoire,Metier
Metier_Conducteur_de_travaux,Conducteur de travaux,Metier
Competence_Conception_et_programmation_de_systemes_automatises_Grafcet_Automates,"Conception et programmation de systèmes automatisés (Grafcet, Automates)",CompetenceDisciplinaire
Metier_Responsable_restauration,Responsable restauration,Metier
Matiere_Microbiologie_alimentaire,Microbiologie alimentaire,Matiere
Competence_Toxicologie_Securite_alimentaire,Toxicologie & Sécurité alimentaire,CompetenceDisciplinaire
Matiere_Metier_des_batiments,Metier des batiments,Matiere
Competence_Maitrise_du_droit_minier_et_de_la_reglementation_sectorielle,Maîtrise du droit minier et de la réglementation sectorielle,CompetenceDisciplinaire
Matiere_Droit_de_travail,Droit de travail,Matiere
Matiere_Sucre,Sucre,Matiere
Competence_Maitrise_des_procedes_de_genie_chimique_et_industriel,Maîtrise des procédés de génie chimique et industriel,CompetenceDisciplinaire
Interet_Jeux_video,Jeux vidéo,CentreInteret
Metier_Organisateur_d_evenements_congres_et_sejours_MICE,"Organisateur d'événements, congrès et séjours (MICE)",Metier
Matiere_Finance_d_entreprise,Finance d'entreprise,Matiere
Formation,Formation,
Etudiant_P01479,P01479,Etudiant
Competence_Agronomie_Zootechnie,Agronomie & Zootechnie,CompetenceDisciplinaire
Matiere_Agronomie_tropicale,Agronomie tropicale,Matiere
Metier_Ingenieur_d_infrastructures,Ingénieur d'infrastructures,Metier
Matiere_JavaScript,JavaScript,Matiere
Competence_Droit_des_contrats_Societes,Droit des contrats & Sociétés,CompetenceDisciplinaire
Metier_Responsable_des_Ressources_Humaines,Responsable des Ressources Humaines,Metier
Metier_Architecte_junior_Collaborateur_d_architecte,Architecte junior / Collaborateur d'architecte,Metier
Metier_Responsable_Marketing_Chef_de_produit_commercial,Responsable Marketing / Chef de produit commercial,Metier
Matiere_Economie_industrielle,Economie industrielle,Matiere
Etudiant_P00488,P00488,Etudiant
Prerequis_Baccalaureat_serie_TMA,Baccalauréat série TMA,Prerequis
Matiere_Mecanique_appliquee,Mécanique appliquée,Matiere
Mention_Genie_Industriel,Génie Industriel,Mention
Matiere_Economie_de_developpement, Economie de developpement,Matiere
Metier_Directeur_artistique_numerique_Motion_Designer,Directeur artistique numérique / Motion Designer,Metier
Metier_Responsable_Qualite,Responsable Qualité,Metier
Matiere_Processus_Stochastique,Processus Stochastique,Matiere
Matiere_Capteurs,Capteurs,Matiere
Matiere_Automatique,Automatique,Matiere
Metier_Ingenieur_en_bureau_d_etudes_mecanique,Ingénieur en bureau d'études mécanique,Metier
Matiere_Electricite,Electricité,Matiere
Competence_Formulation_fabrication_et_controle_de_produits_pharmaceutiques,"Formulation, fabrication et contrôle de produits pharmaceutiques",CompetenceDisciplinaire
Metier_Chef_de_produit_marketing,Chef de produit marketing,Metier
Matiere_Informatique,Informatique,Matiere
Competence_Econometrie_Analyse_economique,Économétrie & Analyse économique,CompetenceDisciplinaire
Metier_Ingenieur_Agronome_Gestionnaire_d_exploitation_agricole,Ingénieur Agronome / Gestionnaire d'exploitation agricole,Metier
Etudiant_P00382,P00382,Etudiant
Prerequis_Baccalaureat_serie_CCBTP,Baccalauréat série CCBTP,Prerequis
Metier_Responsable_controle_qualite_et_affaires_reglementaires,Responsable contrôle qualité et affaires réglementaires,Metier
Matiere_Reseaux_de_Neurones_Artificiels,Réseaux de Neurones Artificiels,Matiere
Etudiant_P01210,P01210,Etudiant
Competence_Conception_architecturale_et_dessin_technique_assiste_AutoCAD_ArchiCAD,Conception architecturale et dessin technique assisté (AutoCAD/ArchiCAD),CompetenceDisciplinaire
Metier_Responsable_de_site_protege,Responsable de site protégé,Metier
Matiere_Methodologie_des_recherches_experimentales,Methodologie des recherches experimentales,Matiere
Matiere_Chimie_Minerale,Chimie Minérale,Matiere
Competence_Maitrise_des_outils_d_analyse_economique_et_econometrie,Maîtrise des outils d'analyse économique et économétrie,CompetenceDisciplinaire
Matiere_Reseaux_informatiques,Réseaux informatiques,Matiere
Metier_Technicien_superieur_Ingenieur_de_laboratoire_d_analyses,Technicien supérieur / Ingénieur de laboratoire d'analyses,Metier
Competence_Communication_digitale,Communication digitale,CompetenceDisciplinaire
Matiere_Architecture,Architecture,Matiere
Matiere_Maintenance_des_Systemes_Informatiques,Maintenance des Systèmes Informatiques,Matiere
Parcours_Tourisme_Environnement_et_Hotellerie,"Tourisme, Environnement et Hôtellerie",Parcours
Matiere_Amenagement_hydrogricole,Aménagement hydrogricole,Matiere
Matiere_Crevetticulture,Crevetticulture,Matiere
Matiere_Procedure_penale,Procedure pénale,Matiere
Matiere_Culture_des_plantes,Culture des plantes,Matiere
Metier_Expert_en_systemes_embarques_et_IoT,Expert en systèmes embarqués et IoT,Metier
Interet_Gastronomie,Gastronomie,CentreInteret
Etudiant_P00515,P00515,Etudiant
Competence_esprit_d_analyse,esprit d'analyse,CompetenceTransversale
Etudiant_P00003,P00003,Etudiant
Competence_Procedure_penale_Contentieux,Procédure pénale & Contentieux,CompetenceDisciplinaire
Metier_Expert_en_contentieux,Expert en contentieux,Metier
Matiere_HTML_CSS,HTML/CSS,Matiere
Etudiant_P00402,P00402,Etudiant
Metier_Ingenieur_de_laboratoire,Ingénieur de laboratoire,Metier
Prerequis_Baccalaureat_serie_SS,Baccalauréat série SS,Prerequis
Metier_Responsable_de_production_animale_Elevage_Aviculture_Apiculture,Responsable de production animale (Élevage / Aviculture / Apiculture),Metier
Matiere_Thermophysique,Thermophysique,Matiere
Matiere_Chimie_verte,Chimie verte,Matiere
Metier_Expert_en_agri_business_Entrepreneur_agricole,Expert en agri-business / Entrepreneur agricole,Metier
Matiere_Enzymologie,Enzymologie,Matiere
Prerequis_Baccalaureat_serie_ACTC,Baccalauréat série ACTC,Prerequis
Interet_Entrepreneuriat,Entrepreneuriat,CentreInteret
Metier_Developpeur_multimedia_Webmaster,Développeur multimédia / Webmaster,Metier
Metier_Expert_en_securite_alimentaire_Consultant_qualite,Expert en sécurité alimentaire / Consultant qualité,Metier
Matiere_Eco_marine,Eco marine,Matiere
Matiere_Institutions_financieres,Institutions financières,Matiere
Competence_Droit_de_travail_Social,Droit de travail & Social,CompetenceDisciplinaire
Matiere_Mecanique_des_fluides,Mécanique des fluides,Matiere
Competence_Developpement_web_multimedia,Développement web multimédia,CompetenceDisciplinaire
Etudiant_P00493,P00493,Etudiant
Matiere_Geodynamique_Miniere,Géodynamique Minière,Matiere
Matiere_Technologie_des_pectines,Technologie des pectines,Matiere
Metier_Infographiste_Monteur_Video,Infographiste / Monteur Vidéo,Metier
Interet_Sante,Santé,CentreInteret
Etudiant_P01317,P01317,Etudiant
Matiere_Structure_de_donnees,Structure de données,Matiere
Matiere_Theorie_des_jeux,Théorie des jeux,Matiere
Matiere_EPS,EPS,Matiere
Competence_Developpement_d_applications_web_et_mobile_multimedia,Développement d'applications web et mobile multimédia,CompetenceDisciplinaire
Matiere_Bio_Informatique,Bio-Informatique,Matiere
Prerequis_Baccalaureat_serie_MEMA,Baccalauréat série MEMA,Prerequis
Metier_Ingenieur_en_genie_des_procedes_chimiques,Ingénieur en génie des procédés chimiques,Metier
Competence_Gestion_environnementale_des_sites_touristiques_et_eco_marine,Gestion environnementale des sites touristiques et éco-marine,CompetenceDisciplinaire
Metier_Ingenieur_en_electrotechnique_Electromecanicien,Ingénieur en électrotechnique / Électromécanicien,Metier
Metier_Responsable_commercial_Business_Developer,Responsable commercial / Business Developer,Metier
Competence_Developpement_d_architectures_logicielles_et_integration_d_IA,Développement d'architectures logicielles et intégration d'IA,CompetenceDisciplinaire
Interet_Reseaux_sociaux,Réseaux sociaux,CentreInteret
developpe,développe,
Competence,Compétence,
Metier_Ingenieur_en_telecommunications,Ingénieur en télécommunications,Metier
Metier_Ingenieur_de_production_en_industrie_agroalimentaire,Ingénieur de production en industrie agroalimentaire,Metier
Matiere_Protection_integree_des_cultures_et_denrees,Protection intégrée des cultures et denrées,Matiere
Matiere_Droit_penal,Droit pénal,Matiere
Competence_Design_d_interfaces_graphiques_et_experience_utilisateur_UI_UX,Design d'interfaces graphiques et expérience utilisateur (UI/UX),CompetenceDisciplinaire
Matiere_Droit_administratif,Droit administratif,Matiere
Metier_Ingenieur_Agronome,Ingénieur Agronome,Metier
Matiere_Constructions_Metalliques,Constructions Métalliques,Matiere
Matiere_Gestion_financiere,Gestion financiere,Matiere
Metier_Chef_de_projet_communication_digitale,Chef de projet communication digitale,Metier
Competence_Communication_Langues,Communication & Langues,CompetenceDisciplinaire
Matiere_Art_culinaire,Art culinaire,Matiere
Matiere_Elasticite_et_plasticite,Elasticité et plasticité,Matiere
aSerieBac,a pour série de bac,
Competence_Gestion_previsionnelle,Gestion prévisionnelle,CompetenceDisciplinaire
Metier_Chercheur_en_biotechnologie_vegetale_et_sante,Chercheur en biotechnologie végétale et santé,Metier
Matiere_Physique_Chimie,Physique Chimie,Matiere
Competence_Systemes_embarques_IoT,Systèmes embarqués & IoT,CompetenceDisciplinaire
Matiere_Geographie_Rurale,Géographie Rurale,Matiere
Metier_Directeur_ou_gestionnaire_d_etablissement_hotelier_Restaurant,Directeur ou gestionnaire d'établissement hôtelier / Restaurant,Metier
Competence_Architecture_ARCHICAD,Architecture & ARCHICAD,CompetenceDisciplinaire
Matiere_Biochimie_medicale,Biochimie médicale,Matiere
Matiere_Ecotourisme,Ecotourisme,Matiere
Metier_Consultant_en_agroecologie_et_environnement,Consultant en agroécologie et environnement,Metier
Competence_Maintenance_industrielle_pluridisciplinaire_mecanique_electrique_froid,"Maintenance industrielle pluridisciplinaire (mécanique, électrique, froid)",CompetenceDisciplinaire
Metier_Chef_de_projet_informatique,Chef de projet informatique,Metier
Mention_Tourisme,Tourisme,Mention
Metier_Manager_de_PME_PMI,Manager de PME/PMI,Metier
Interet_Musique,Musique,CentreInteret
Metier_Consultant_en_systemes_d_information_et_IA,Consultant en systèmes d'information et IA,Metier
Competence_Redaction_d_actes_juridiques_de_contrats_commerciaux_et_sociaux,"Rédaction d'actes juridiques, de contrats commerciaux et sociaux",CompetenceDisciplinaire
Matiere_Econometrie,Econometrie,Matiere
Matiere_Finance_publique,Finance publique,Matiere
Matiere_Hydrobiologie,Hydrobiologie,Matiere
Matiere_Bacteriologie,Bactériologie,Matiere
Competence_Design_UI_UX_Web,Design UI/UX & Web,CompetenceDisciplinaire
Competence_Marketing_Negociation,Marketing & Négociation,CompetenceDisciplinaire
Matiere_Structures_des_ordinateurs,Structures des ordinateurs,Matiere
Prerequis_Baccalaureat_serie_CG,Baccalauréat série CG,Prerequis
Interet_Actualite_et_politique,Actualité et politique,CentreInteret
Interet_Robotique,Robotique,CentreInteret
Matiere_Informatique_Decisionnelle,Informatique Décisionnelle,Matiere
Metier_Expert_en_reseaux_de_transmission_et_nouveaux_medias,Expert en réseaux de transmission et nouveaux médias,Metier
Competence_Maintenance_avancee_de_systemes_electroniques_et_hardware,Maintenance avancée de systèmes électroniques et hardware,CompetenceDisciplinaire
Matiere_Gestion_hoteliere,Gestion hôteliere,Matiere
Competence_Organisation_des_entreprises,Organisation des entreprises,CompetenceDisciplinaire
Matiere_Gestion_de_chantier,Gestion de chantier,Matiere
Matiere_Mecanique_rationnelle,Mécanique rationnelle,Matiere
Competence_creativite,créativité,CompetenceTransversale
Competence_Gestion_des_litiges_commerciaux_contentieux_et_procedures_collectives,"Gestion des litiges commerciaux, contentieux et procédures collectives",CompetenceDisciplinaire
Matiere_Petits_ruminants,Petits ruminants,Matiere
Matiere_Geologie_de_Madagascar,Géologie de Madagascar,Matiere
Etudiant_P00826,P00826,Etudiant
Etudiant_P00550,P00550,Etudiant
Mention,Mention,
Mention_Biotechnologie_et_Agronomie,Biotechnologie et Agronomie,Mention
Competence_Traitement_du_signal_Automatique,Traitement du signal & Automatique,CompetenceDisciplinaire
Matiere_Physiopathologie,Physiopathologie,Matiere
Matiere_Metallurgie,Metallurgie,Matiere
Matiere_Anatomie_et_physiologie_humaine,Anatomie et physiologie humaine,Matiere
Matiere_Chimie_Organique,Chimie Organique,Matiere
Metier_Juriste_d_entreprise,Juriste d'entreprise,Metier
Competence_Integration_de_solutions_IoT_et_objets_connectes,Intégration de solutions IoT et objets connectés,CompetenceDisciplinaire
Matiere_Geometrie_Analytique,Geometrie Analytique,Matiere
Metier_Responsable_de_planification_strategique_et_economique,Responsable de planification stratégique et économique,Metier
possede,possède,
Competence_Fabrication_pharmaceutique,Fabrication pharmaceutique,CompetenceDisciplinaire
Metier_Responsable_de_production,Responsable de production,Metier
Matiere_Systemes_Multi_Agents,Systèmes Multi-Agents,Matiere
Metier_Charge_de_R_D_alimentaire,Chargé de R&D alimentaire,Metier
Matiere_Geotechnie,Géotechnie,Matiere
Competence_Analyse_physico_chimique_et_controle_qualite_en_laboratoire,Analyse physico-chimique et contrôle qualité en laboratoire,CompetenceDisciplinaire
Matiere_Securite_alimentaire,Securité alimentaire,Matiere
Competence_Analyse_phytochimique_et_valorisation_scientifique_des_plantes_medicinales,Analyse phytochimique et valorisation scientifique des plantes médicinales,CompetenceDisciplinaire
Competence_Developpement_IA_Deep_Learning,Développement IA & Deep Learning,CompetenceDisciplinaire
Interet_Industrie,Industrie,CentreInteret
Metier_Technicien_ou_Ingenieur_de_laboratoire_medical_industriel,Technicien ou Ingénieur de laboratoire médical / industriel,Metier
Metier_Ingenieur_systeme_et_reseau,Ingénieur système et réseau,Metier
Competence_HSE_Risques_industriels,HSE & Risques industriels,CompetenceDisciplinaire
Interet_Economie,Économie,CentreInteret
Prerequis_Baccalaureat_serie_OSE,Baccalauréat série OSE,Prerequis
Matiere_Maintenance_des_Systemes_Informatiques_Hardware,Maintenance des Systèmes Informatiques Hardware,Matiere
Matiere_Technologie_des_materiaux,Technologie des materiaux,Matiere
Competence_Optimisation_des_rendements_agricoles_et_gestion_durable_des_sols,Optimisation des rendements agricoles et gestion durable des sols,CompetenceDisciplinaire
Matiere_Biochimie_alimentaire,Biochimie alimentaire,Matiere
Competence_Communication_touristique_et_pratique_des_langues_etrangeres_Anglais_Allemand_Fr,"Communication touristique et pratique des langues étrangères (Anglais, Allemand, Français)",CompetenceDisciplinaire
Etudiant_P00047,P00047,Etudiant
Prerequis_Technique_agricole_elevage,Technique agricole / élevage,Prerequis
Prerequis_Baccalaureat_serie_TAMB,Baccalauréat série TAMB,Prerequis
Matiere_Gestion_budgetaire,Gestion budgetaire,Matiere
Competence_Expertise_en_electronique_de_puissance_et_microcontroleurs,Expertise en électronique de puissance et microcontrôleurs,CompetenceDisciplinaire
Metier_Ingenieur_IA_Consultant_IA,Ingénieur IA / Consultant IA,Metier
Competence_Elaboration_et_mise_en_uvre_de_strategies_marketing_et_commerciales,Élaboration et mise en œuvre de stratégies marketing et commerciales,CompetenceDisciplinaire
Matiere_Amenagement_aeroportuaire,Aménagement aéroportuaire,Matiere
Matiere_Droit_constitutionnel,Droit constitutionnel,Matiere
Metier_Gestionnaire_de_sites_proteges_ou_de_parcs_naturels,Gestionnaire de sites protégés ou de parcs naturels,Metier
Matiere_Gestion_d_entreprise,Gestion d'entreprise,Matiere
Matiere_Science_des_aliments,Science des aliments,Matiere
Matiere_Topographie,Topographie,Matiere
Mention_Droit_et_Techniques_des_Affaires,Droit et Techniques des Affaires,Mention
Matiere_Droit_de_la_communication,Droit de la communication,Matiere
Competence_Conception_promotion_et_vente_de_produits_touristiques_et_ecotouristiques,"Conception, promotion et vente de produits touristiques et écotouristiques",CompetenceDisciplinaire
Matiere_Amenagement_portuaire,Amenagement portuaire,Matiere
preparePar,preparePar,
Matiere_Biologie_cellulaire,Biologie cellulaire,Matiere
Competence_Analyse_de_donnees_economiques_et_financieres_pour_la_decision,Analyse de données économiques et financières pour la décision,CompetenceDisciplinaire
Etudiant_P00460,P00460,Etudiant
Matiere_Marketing_international, Marketing international,Matiere
Matiere_Nutrition_humaine,Nutrition humaine,Matiere
Matiere_Droit_Minier,Droit Minier,Matiere
Competence_Analyses_en_laboratoire,Analyses en laboratoire,CompetenceDisciplinaire
Interet_Debat_et_droit,Débat et droit,CentreInteret
Competence_Analyse_statistique_complexe_et_probabilites_appliquees,Analyse statistique complexe et probabilités appliquées,CompetenceDisciplinaire
Metier_Ingenieur_de_production,Ingénieur de production,Metier
Mention_Genie_Civil_et_Architecture,Génie Civil et Architecture,Mention
Matiere_Biologie_Cellulaire,Biologie Cellulaire,Matiere
Matiere_Viandes,Viandes,Matiere
Competence_Gestion_des_risques_industriels_securite_HSE_et_environnementaux,"Gestion des risques industriels, sécurité (HSE) et environnementaux",CompetenceDisciplinaire
Competence_Normes_HACCP_Microbiologie,Normes HACCP & Microbiologie,CompetenceDisciplinaire
Mention_Informatique_et_Telecommunications,Informatique et Télécommunications,Mention
Competence_Transformation_agroalimentaire,Transformation agroalimentaire,CompetenceDisciplinaire
Matiere_Culture_industrielle,Culture industrielle,Matiere
Competence_Analyse_financiere_gestion_budgetaire_et_comptabilite_financiere,"Analyse financière, gestion budgétaire et comptabilité financière",CompetenceDisciplinaire
Competence_Gestion_de_projets_informatiques_et_ingenierie_logicielle,Gestion de projets informatiques et ingénierie logicielle,CompetenceDisciplinaire
Etudiant_P00475,P00475,Etudiant
Matiere_Negociaiton_commerciale,Negociaiton commerciale,Matiere
Matiere_Virologie_medicale,Virologie medicale,Matiere
Matiere_Geometrie_analytique,Géometrie analytique,Matiere
Matiere_Travail_Audiovisuel,Travail Audiovisuel,Matiere
Metier_Urbaniste_Expert_amenagement,Urbaniste / Expert aménagement,Metier
Competence_Biochimie_R_D,Biochimie & R&D,CompetenceDisciplinaire
Competence_Culture_industrielle_de_rente,Culture industrielle & de rente,CompetenceDisciplinaire
Matiere_Calcul_des_structures,Calcul des structures,Matiere
Matiere_Droit_foncier,Droit foncier,Matiere
Matiere_emballage_alimentaire,emballage alimentaire,Matiere
Interet_Animaux,Animaux,CentreInteret
Metier_Ingenieur_en_genie_civil_specialise_routes_ponts_hydraulique,"Ingénieur en génie civil spécialisé (routes, ponts, hydraulique)",Metier
Matiere_Codage,Codage,Matiere
Matiere_Machine_Learning,Machine Learning,Matiere
Matiere_Pisciculture,Pisciculture,Matiere
Competence_CAO_AutoCAD,CAO / AutoCAD,CompetenceDisciplinaire
Metier_Directeur_d_etablissement_hotelier,Directeur d'établissement hôtelier,Metier
Matiere_Grafcet,Grafcet,Matiere
Metier_Conducteur_de_travaux_Chef_de_chantier,Conducteur de travaux / Chef de chantier,Metier
Competence_Administration_et_optimisation_de_bases_de_donnees_SGBDR,Administration et optimisation de bases de données (SGBDR),CompetenceDisciplinaire
Interet_Environnement,Environnement,CentreInteret
Metier_Analyste_economique,Analyste économique,Metier
Matiere_Theorie_des_Signals,Théorie des Signals,Matiere
Metier_Manager_d_agence_de_voyage,Manager d'agence de voyage,Metier
Competence_Modelisation_UML_Merise,Modélisation UML/Merise,CompetenceDisciplinaire
Source,Source documentaire,
Matiere_Chimie_minerale,Chimie minerale,Matiere
Matiere_Physique_nucleaire,Physique nucléaire,Matiere
Matiere_Global_System_for_Mobile_Communication,Global System for Mobile Communication,Matiere
Matiere_Ecologie_animale,Ecologie animale,Matiere
Metier_Developpeur_Full_Stack_Web_Mobile,Développeur Full-Stack (Web & Mobile),Metier
Metier_Charge_de_conformite_Compliance_Officer,Chargé de conformité (Compliance Officer),Metier
Matiere_Introduction_au_droit,Introduction au droit,Matiere
Metier_Planificateur_strategique_Business_Analyst,Planificateur stratégique / Business Analyst,Metier
Metier_Analyste_de_marche_Consultant_en_strategie_commerciale,Analyste de marché / Consultant en stratégie commerciale,Metier
Matiere_Agronomie,Agronomie,Matiere
Matiere_Nutrition_animale,Nutrition animale,Matiere
Competence_Maitrise_de_la_programmation_multi_langages_Java_C_PHP_JavaScript,"Maîtrise de la programmation multi-langages (Java, C#, PHP, JavaScript)",CompetenceDisciplinaire
Competence_Management_operationnel_et_strategique_en_hotellerie_et_restauration,Management opérationnel et stratégique en hôtellerie et restauration,CompetenceDisciplinaire
Metier_Juriste_specialise_en_ressources,Juriste spécialisé en ressources,Metier
Matiere_Microcontroleur,Microcontroleur,Matiere
Interet_Programmation,Programmation,CentreInteret
Metier_Analyste_Big_Data_Data_Architect,Analyste Big Data / Data Architect,Metier
Etudiant_P00199,P00199,Etudiant
Interet_Agriculture,Agriculture,CentreInteret
Matiere_Pharmacologie_generale,Pharmacologie generale,Matiere
Interet_Electronique,Électronique,CentreInteret
Competence_Informatique_Decisionnelle_BI,Informatique Décisionnelle (BI),CompetenceDisciplinaire
Metier_Administrateur_de_bases_de_donnees,Administrateur de bases de données,Metier
Matiere_Pharmacocinetique,Pharmacocinétique,Matiere
Matiere_Geologie_Appliquee,Géologie Appliquée,Matiere
Metier_Auditeur_financier_interne_externe,Auditeur financier interne / externe,Metier
Matiere_Marketing,Marketing,Matiere
aDateConsultation,aDateConsultation,
Matiere_Marketing_International,Marketing International,Matiere
Matiere_Droit_des_suretes,Droit des suretés,Matiere
Matiere_Economie_rurale,Economie rurale,Matiere
enseigne,enseigne,
Matiere_Thermodynamique,Thermodynamique,Matiere
aStatutSource,aStatutSource,
Matiere_Mines,Mines,Matiere
Matiere_Fabrication_mecanique,Fabrication mécanique,Matiere
Competence_Exploitation_extraction_et_raffinage_des_ressources_Mines_Petrole,"Exploitation, extraction et raffinage des ressources (Mines, Pétrole)",CompetenceDisciplinaire
Competence_Conception_et_mise_en_uvre_de_solutions_de_Business_Intelligence,Conception et mise en œuvre de solutions de Business Intelligence,CompetenceDisciplinaire
Competence_Gestion_d_exploitation_agricole,Gestion d'exploitation agricole,CompetenceDisciplinaire
Metier_Chef_d_exploitation,Chef d'exploitation,Metier
Metier_Concepteur_de_systemes_IoT_industriels_et_supervision,Concepteur de systèmes IoT industriels et supervision,Metier
CompetenceTransversale,Compétence transversale,
Competence_Gestion_stockage_et_traitement_de_donnees_massives_Big_Data,"Gestion, stockage et traitement de données massives (Big Data)",CompetenceDisciplinaire
Metier_Responsable_de_projet_rural,Responsable de projet rural,Metier
Matiere_Microbiologie_medicale,Microbiologie médicale,Matiere
Prerequis_Baccalaureat_serie_TAG,Baccalauréat série TAG,Prerequis
Metier_Chef_de_produit_touristique_Concepteur_de_circuits,Chef de produit touristique / Concepteur de circuits,Metier
Matiere_Science_et_technique_petrolieres,Science et technique petrolières,Matiere
Competence_Planification_strategique,Planification stratégique,CompetenceDisciplinaire
Metier_Specialiste_en_robotique_et_domotique,Spécialiste en robotique et domotique,Metier
Metier_Data_Scientist,Data Scientist,Metier
Competence_Genie_fermentaire_Pectines,Génie fermentaire & Pectines,CompetenceDisciplinaire
Interet_Architecture,Architecture,CentreInteret
estOrienteVers,est orienté vers (recommandation),
Interet_Voyage,Voyage,CentreInteret
Matiere_Pharmacotechnie,Pharmacotechnie,Matiere
Metier_Specialiste_en_maintenance_de_systemes_informatises,Spécialiste en maintenance de systèmes informatisés,Metier
estRequisePour,est requise pour,
Matiere_Technologie_des_froids,Technologie des froids,Matiere
Metier_Ingenieur_en_Bureau_d_Etudes_Structure_Dimensionnement,Ingénieur en Bureau d'Études (Structure / Dimensionnement),Metier
Metier_Consultant_en_strategie_economique,Consultant en stratégie économique,Metier
Matiere_Mine_avancee,Mine avancée,Matiere
Matiere_Route,Route,Matiere
Matiere_Publication_Assistee_par_Ordinateur,Publication Assistée par Ordinateur,Matiere
Matiere_Toxicologie_alimentaire,Toxicologie alimentaire,Matiere
Metier_Delegue_medical_expert,Délégué médical expert,Metier
Matiere_Traitement_des_eaux,Traitement des eaux,Matiere
Metier_Administrateur_des_ventes_Responsable_export,Administrateur des ventes / Responsable export,Metier
Competence_Controle_qualite_reglementation_et_pharmacotechnie,"Contrôle qualité, réglementation et pharmacotechnie",CompetenceDisciplinaire
Metier_Ingenieur_Genie_Logiciel,Ingénieur Génie Logiciel,Metier
Competence_Exploitation_miniere_Geologie,Exploitation minière & Géologie,CompetenceDisciplinaire
Prerequis_Baccalaureat_serie_PCBTP,Baccalauréat série PCBTP,Prerequis
Competence_Robotique_et_Domotique,Robotique et Domotique,CompetenceDisciplinaire
Interet_Cultures_du_monde,Cultures du monde,CentreInteret
Competence_Utilisation_de_l_IA_appliquee_aux_contenus_multimedias,Utilisation de l'IA appliquée aux contenus multimédias,CompetenceDisciplinaire
Matiere_Droit_social,Droit social,Matiere
Competence_Gestion_de_tresorerie_ingenierie_financiere_et_technique_bancaire,"Gestion de trésorerie, ingénierie financière et technique bancaire",CompetenceDisciplinaire
Competence_Gestion_de_la_production_et_supervision_de_processus_industriels,Gestion de la production et supervision de processus industriels,CompetenceDisciplinaire
Metier_Delegue_medical_Technico_commercial_en_pharmacie,Délégué médical / Technico-commercial en pharmacie,Metier
Matiere_Theorie_des_Signales,Théorie des Signales,Matiere
Matiere_phytochimie,phytochimie,Matiere
Competence_Administration_SGBDR,Administration SGBDR,CompetenceDisciplinaire
Matiere_Toxicologie_Generale,Toxicologie Générale,Matiere
Matiere_Physiologie_medicale,Physiologie médicale,Matiere
Matiere_Industrie_pharmaceutique,Industrie pharmaceutique,Matiere
Metier_UX_UI_Designer,UX/UI Designer,Metier
Competence_Technologies_de_l_information,Technologies de l'information,CompetenceDisciplinaire
Metier_Responsable_de_projet_developpement_rural_ONG_FAO_FIDA,Responsable de projet développement rural (ONG / FAO / FIDA),Metier
Prerequis_Baccalaureat_serie_TGC,Baccalauréat série TGC,Prerequis
Competence_Expertise_en_droit_foncier_minier_de_la_communication_et_des_douanes,"Expertise en droit foncier, minier, de la communication et des douanes",CompetenceDisciplinaire
Competence_Comptabilite_analytique_Finance,Comptabilité analytique & Finance,CompetenceDisciplinaire
Competence_Analyse_des_etats_financiers_et_aide_a_la_decision_d_investissement,Analyse des états financiers et aide à la décision d'investissement,CompetenceDisciplinaire
Matiere_Economie_internationale,Economie internationale,Matiere
Competence_Automatisme_Electrotechnique,Automatisme & Électrotechnique,CompetenceDisciplinaire
Matiere_Microbiologie,Microbiologie,Matiere
Competence_Architecture_et_administration_de_reseaux_informatiques_GSM_TCP_IP,"Architecture et administration de réseaux informatiques (GSM, TCP/IP)",CompetenceDisciplinaire
Prerequis_Baccalaureat_serie_TTER,Baccalauréat série TTER,Prerequis
Competence_Maitrise_de_la_pharmacologie_moleculaire_cellulaire_et_des_grandes_fonctions,"Maîtrise de la pharmacologie moléculaire, cellulaire et des grandes fonctions",CompetenceDisciplinaire
Prerequis_Baccalaureat_serie_TMF,Baccalauréat série TMF,Prerequis
Competence_Mise_en_uvre_de_pratiques_d_agroecologie_et_d_agriculture_biologique,Mise en œuvre de pratiques d'agroécologie et d'agriculture biologique,CompetenceDisciplinaire
Metier_Ingenieur_Minier,Ingénieur Minier,Metier
Metier_Chercheur_en_phyto_medicaments,Chercheur en phyto-médicaments,Metier
Interet_Technologie,Technologie,CentreInteret
Prerequis_Baccalaureat_serie_TGI,Baccalauréat série TGI,Prerequis
Metier_Ingenieur_formulation,Ingénieur formulation,Metier
Matiere_Droit_des_societes,Droit des sociétés,Matiere
Competence_Recherche_et_Developpement_R_D_de_nouveaux_produits_alimentaires,Recherche et Développement (R&D) de nouveaux produits alimentaires,CompetenceDisciplinaire
Competence_Expertise_en_zootechnie_pisciculture_et_elevage_specialise,"Expertise en zootechnie, pisciculture et élevage spécialisé",CompetenceDisciplinaire
Competence_Conception_assistee_par_ordinateur_AutoCAD_et_dimensionnement_mecanique,Conception assistée par ordinateur (AutoCAD) et dimensionnement mécanique,CompetenceDisciplinaire
Competence_Administration_reseaux_GSM_etc,"Administration réseaux (GSM, etc.)",CompetenceDisciplinaire
Matiere_Agriculture_biologique,Agriculture biologique,Matiere
Matiere_Culture_vivriere,Culture vivrière,Matiere
Matiere_GPI,GPI,Matiere
Matiere_Matieres_grasses,Matieres grasses,Matiere
Competence_Gestion_de_laboratoire_d_analyses_medicales_et_industrielles,Gestion de laboratoire d'analyses médicales et industrielles,CompetenceDisciplinaire
Competence_Production_Audiovisuelle_PAO,Production Audiovisuelle & PAO,CompetenceDisciplinaire
Matiere_Droit_civil,Droit civil,Matiere
Metier_Manager_d_agence_de_voyage_Tour_operateur,Manager d'agence de voyage / Tour-opérateur,Metier
Competence_Ingenierie_logicielle_POO,Ingénierie logicielle & POO,CompetenceDisciplinaire
Matiere_Electronique_de_puissance,Electronique de puissance,Matiere
Metier_Auditeur_sanitaire,Auditeur sanitaire,Metier
Matiere_Technologie_des_proteines,Technologie des proteines,Matiere
Competence_Pharmacologie_Galenique,Pharmacologie & Galénique,CompetenceDisciplinaire
Interet_Construction,Construction,CentreInteret
Metier_Responsable_Securite_et_Environnement,Responsable Sécurité et Environnement,Metier
Prerequis_Baccalaureat_serie_TOM,Baccalauréat série TOM,Prerequis
Competence_Gestion_de_production_industrielle,Gestion de production industrielle,CompetenceDisciplinaire
Metier_Ingenieur_en_genie_logiciel_Architecte_logiciel,Ingénieur en génie logiciel / Architecte logiciel,Metier
Competence_Traitement_du_signal_automatique_et_robotique_industrielle,"Traitement du signal, automatique et robotique industrielle",CompetenceDisciplinaire
Metier_Specialiste_en_valorisation_des_ressources_naturelles_Phyto_medicaments,Spécialiste en valorisation des ressources naturelles (Phyto-médicaments),Metier
Competence_Expertise_en_comptabilite_generale_analytique_et_financiere,"Expertise en comptabilité générale, analytique et financière",CompetenceDisciplinaire
Interet_Urbanisme,Urbanisme,CentreInteret
Matiere_Microeconomie,Microeconomie,Matiere
Metier_Ingenieur_minier_supervision_d_extraction_traitement,Ingénieur minier (supervision d'extraction/traitement),Metier
Competence_Conduite_de_systemes_de_productions_vegetales_et_animales_modernes,Conduite de systèmes de productions végétales et animales modernes,CompetenceDisciplinaire
Matiere_Pharmacologie,Pharmacologie,Matiere
Prerequis_Baccalaureat_serie_TEV,Baccalauréat série TEV,Prerequis
Competence_Pilotage_planification_et_evaluation_de_projets_complexes,"Pilotage, planification et évaluation de projets complexes",CompetenceDisciplinaire
Matiere_Amenagement_hydroagricole,Amenagement hydroagricole,Matiere
Matiere_Metre,Métré,Matiere
Competence_Biochimie_Microbiologie_medicale,Biochimie & Microbiologie médicale,CompetenceDisciplinaire
Metier_Chef_de_projet,Chef de projet,Metier
Metier_Expert_en_transformation_digitale,Expert en transformation digitale,Metier
Metier_Conseiller_agricole_Technicien_de_vulgarisation,Conseiller agricole / Technicien de vulgarisation,Metier
Competence_Semiologie_Physiopathologie,Sémiologie & Physiopathologie,CompetenceDisciplinaire
Metier_Ingenieur_Petrolier,Ingénieur Pétrolier,Metier
Metier_Architecte_Reseaux,Architecte Réseaux,Metier
Metier_Specialiste_Robotique,Spécialiste Robotique,Metier
estEnseigneePar,estEnseigneePar,
Interet_Bricolage,Bricolage,CentreInteret
Competence_Analyse_biochimique_microbiologique_et_toxicologique_des_aliments,"Analyse biochimique, microbiologique et toxicologique des aliments",CompetenceDisciplinaire
Metier_Ingenieur_en_technologies_de_la_communication,Ingénieur en technologies de la communication,Metier
aNiveauMatiere,aNiveauMatiere,
necessite,nécessite,
aUrl,aUrl,
Matiere_Technique_d_accueil,Technique d'accueil,Matiere
Metier_Expert_en_controle_qualite_dans_l_industrie_lourde,Expert en contrôle qualité dans l'industrie lourde,Metier
Metier_Responsable_Business_Intelligence,Responsable Business Intelligence,Metier
Competence_Strategie_commerciale,Stratégie commerciale,CompetenceDisciplinaire
Interet_Nature,Nature,CentreInteret
Matiere_Ouvrage_metallique,Ouvrage métallique,Matiere
Prerequis_Baccalaureat_serie_EN,Baccalauréat série EN,Prerequis
Metier_Ingenieur_IoT_Embarque,Ingénieur IoT / Embarqué,Metier
estDeveloppeePar,estDeveloppeePar,
Metier_Planificateur_de_projets,Planificateur de projets,Metier
Matiere_Acoustique,Acoustique,Matiere
Interet_Hotellerie,Hôtellerie,CentreInteret
aConditionAdmission,aConditionAdmission,
aCode,aCode,
