"Timestamp","1. Informatique et programmation
Je suis intéressé(e) par l'informatique, la programmation et la création de logiciels ou d'applications.","2. Électronique et systèmes informatiques
Je suis intéressé(e) par les circuits électroniques, les appareils électroniques et les systèmes informatiques.","3. Mathématiques, statistiques et données
J'aime les mathématiques, les statistiques, l'analyse des données et la recherche de résultats à partir de chiffres.","4. Intelligence artificielle
Je suis intéressé(e) par l'intelligence artificielle, le Machine Learning et les nouvelles technologies.","5. Multimédia, réseaux et télécommunications
Je suis intéressé(e) par la création de vidéos/images, le multimédia, les réseaux informatiques et les télécommunications.","6. Mécanique et machines
Je suis intéressé(e) par les machines, les moteurs, la mécanique et le fonctionnement des systèmes mécaniques.","7. Droit et justice
Je suis intéressé(e) par les lois, les règles, la justice, les droits et les questions juridiques.","8. Commerce et entrepreneuriat
Je suis intéressé(e) par la vente, le commerce, la négociation, le marketing et la création d'entreprise.","9. Biologie et sciences du vivant
Je suis intéressé(e) par les êtres vivants, la biologie, la santé et les phénomènes du vivant.","10. Tourisme et découverte

Je suis intéressé(e) par les voyages, le tourisme, l'hôtellerie, l'accueil et la découverte de nouvelles cultures.","11. Logique et résolution de problèmes
J'aime analyser un problème complexe et chercher logiquement une solution.","12. Travail avec les chiffres
Je suis à l'aise avec les chiffres, les calculs et l'analyse quantitative.","13. Travail technique
J'aime comprendre comment fonctionnent les machines, les appareils ou les systèmes techniques.","14. Communication
Je suis à l'aise pour communiquer, expliquer mes idées et échanger avec les autres.","15. Argumentation et négociation
J'aime défendre mon point de vue, argumenter, convaincre ou négocier.","16. Créativité
J'aime créer, imaginer de nouvelles idées et produire quelque chose de personnel.","17. Organisation et gestion
J'aime organiser des activités, gérer des ressources ou coordonner un projet.","18. Parmi ces activités, laquelle vous attire le plus ?","19. Dans quel environnement préféreriez-vous travailler ?","Quel filière envisagez-vous actuellement ? "
"2026/08/26 11:23:22 AM GMT+3","","","","","","","","","","","","","","","","","","","",""
"2026/08/26 11:23:44 AM GMT+3","","","","","","","","","","","","","","","","","","","",""
"2026/08/26 11:24:40 AM GMT+3","","","","","","","","","","","","","","","","","","","",""
"2026/08/26 11:25:15 AM GMT+3","","","","","","","","","","","","","","","","","","","",""
"2026/08/26 11:31:39 AM GMT+3","5","1","4","2","1","3","5","1","5","1","3","5","1","3","1","2","3","Développer des logiciels ou applications;Concevoir ou travailler avec des systèmes électroniques","Peu importe","Informatique Télécommunication"
"2026/08/26 11:45:35 AM GMT+3","5","2","3","4","5","3","1","4","2","3","4","2","4","2","4","5","4","Développer des logiciels ou applications;Analyser des données et produire des statistiques;Développer des solutions utilisant l'intelligence artificielle;Créer des contenus multimédias;Concevoir, réparer ou travailler avec des machines","Studio ou environnement créatif","Informatique Télécommunication"
"2026/08/26 11:50:48 AM GMT+3","5","3","4","5","3","3","2","2","3","1","4","3","5","2","3","4","3","Développer des logiciels ou applications;Concevoir ou travailler avec des systèmes électroniques;Développer des solutions utilisant l'intelligence artificielle;Travailler avec les réseaux et télécommunications;Concevoir, réparer ou travailler avec des machines;Travailler dans la biologie et les sciences du vivant","Principalement devant un ordinateur","Informatique Télécommunication;Biotechnologie Agronomie"
"2026/08/26 12:18:42 PM GMT+3","1","4","4","2","2","1","2","2","1","1","3","2","1","4","4","1","1","Travailler avec les réseaux et télécommunications","Laboratoire/atelier électronique","Tourisme"
"2026/08/26 12:30:00 PM GMT+3","4","4","2","3","5","2","1","1","1","2","3","2","4","4","3","5","4","Développer des logiciels ou applications;Créer des contenus multimédias","Principalement devant un ordinateur;Bureau / entreprise;En contact permanent avec des clients ou des personnes","Informatique Télécommunication"
"2026/08/26 12:51:39 PM GMT+3","5","5","5","5","5","5","1","1","2","2","5","5","5","5","1","5","2","Développer des logiciels ou applications;Concevoir ou travailler avec des systèmes électroniques;Développer des solutions utilisant l'intelligence artificielle;Travailler avec les réseaux et télécommunications;Créer des contenus multimédias;Travailler dans le tourisme, l'hôtellerie ou les voyages","Principalement devant un ordinateur;Sur le terrain / déplacements fréquents;Studio ou environnement créatif","Informatique Télécommunication;Génie civil et Industriel;Tourisme"
"2026/08/26 12:58:42 PM GMT+3","4","3","5","2","4","5","4","3","3","5","5","5","3","2","2","5","5","Analyser des données et produire des statistiques;Concevoir, réparer ou travailler avec des machines;Travailler avec les lois et les questions juridiques;Travailler dans le tourisme, l'hôtellerie ou les voyages;Gérer la comptabilité, les finances ou les budgets","Principalement devant un ordinateur;Bureau / entreprise;Sur le terrain / déplacements fréquents;Studio ou environnement créatif","Génie civil et Industriel;Droit et Technique des affaires;Tourisme"
"2026/08/26 12:58:56 PM GMT+3","3","1","3","5","5","2","3","5","1","1","5","4","1","5","5","5","5","Développer des solutions utilisant l'intelligence artificielle;Travailler avec les réseaux et télécommunications;Créer des contenus multimédias;Vendre, négocier ou gérer une entreprise","Principalement devant un ordinateur;Bureau / entreprise;En contact permanent avec des clients ou des personnes;Studio ou environnement créatif","Informatique Télécommunication"
"2026/08/26 1:14:36 PM GMT+3","2","2","3","3","3","4","2","4","5","3","5","4","5","3","1","1","3","Travailler dans la biologie et les sciences du vivant","Laboratoire;Bureau / entreprise","Biotechnologie Agronomie"
"2026/08/26 1:18:16 PM GMT+3","5","5","5","5","5","5","3","3","2","3","4","5","5","2","3","5","4","Concevoir, réparer ou travailler avec des machines","Sur le terrain / déplacements fréquents","Droit et Technique des affaires"
"2026/08/26 1:21:32 PM GMT+3","3","3","1","5","5","2","5","4","2","4","3","2","2","5","5","5","4","Travailler avec les lois et les questions juridiques;Vendre, négocier ou gérer une entreprise;Travailler dans le tourisme, l'hôtellerie ou les voyages","Principalement devant un ordinateur;Bureau / entreprise","Droit et Technique des affaires"
"2026/08/26 1:30:12 PM GMT+3","3","2","1","4","4","3","5","4","5","5","4","3","3","3","3","4","5","Développer des solutions utilisant l'intelligence artificielle;Travailler avec les réseaux et télécommunications;Travailler avec les lois et les questions juridiques;Vendre, négocier ou gérer une entreprise;Travailler dans la biologie et les sciences du vivant;Travailler dans le tourisme, l'hôtellerie ou les voyages","Principalement devant un ordinateur;Bureau / entreprise;Studio ou environnement créatif;Peu importe","Droit et Technique des affaires;Biotechnologie Agronomie;Tourisme"
"2026/08/26 1:37:47 PM GMT+3","3","5","4","3","2","5","4","1","4","1","3","5","5","2","2","2","3","Concevoir, réparer ou travailler avec des machines","Atelier mécanique;Sur le terrain / déplacements fréquents","Génie civil et Industriel"
"2026/08/26 1:41:19 PM GMT+3","5","2","2","3","3","1","1","1","1","1","4","3","3","1","1","2","3","Développer des logiciels ou applications","Principalement devant un ordinateur","Informatique Télécommunication"
"2026/08/26 3:00:41 PM GMT+3","1","1","2","2","2","1","2","2","2","4","3","3","2","4","3","3","4","Analyser des données et produire des statistiques;Vendre, négocier ou gérer une entreprise;Travailler dans le tourisme, l'hôtellerie ou les voyages;Gérer la comptabilité, les finances ou les budgets","Principalement devant un ordinateur;Sur le terrain / déplacements fréquents;Studio ou environnement créatif;Peu importe","Tourisme"
"2026/08/26 3:13:35 PM GMT+3","5","3","3","3","5","3","1","3","2","4","4","3","4","2","4","4","3","Développer des logiciels ou applications;Créer des contenus multimédias;Travailler dans le tourisme, l'hôtellerie ou les voyages","Principalement devant un ordinateur;Sur le terrain / déplacements fréquents;Studio ou environnement créatif","Informatique Télécommunication"
"2026/08/26 4:56:47 PM GMT+3","1","1","1","1","4","1","1","5","3","5","2","3","1","3","2","4","4","Travailler avec les réseaux et télécommunications;Vendre, négocier ou gérer une entreprise;Travailler dans le tourisme, l'hôtellerie ou les voyages;Gérer la comptabilité, les finances ou les budgets","Bureau / entreprise;En contact permanent avec des clients ou des personnes;Sur le terrain / déplacements fréquents","Droit et Technique des affaires"
"2026/08/26 6:57:00 PM GMT+3","4","4","4","3","3","3","1","3","1","2","4","3","4","3","3","4","4","Développer des logiciels ou applications;Analyser des données et produire des statistiques","Principalement devant un ordinateur;En contact permanent avec des clients ou des personnes;Sur le terrain / déplacements fréquents;Peu importe","Informatique Télécommunication;Génie civil et Industriel"
"2026/08/26 7:12:10 PM GMT+3","5","5","3","5","5","5","4","5","3","5","3","3","5","5","5","4","4","Développer des logiciels ou applications;Concevoir ou travailler avec des systèmes électroniques;Concevoir, réparer ou travailler avec des machines","Principalement devant un ordinateur;Sur le terrain / déplacements fréquents;Peu importe","Informatique Télécommunication"
"2026/08/27 10:29:15 AM GMT+3","5","5","5","5","5","5","1","1","2","2","5","5","5","5","5","5","5","Développer des logiciels ou applications;Concevoir ou travailler avec des systèmes électroniques;Travailler avec les réseaux et télécommunications;Concevoir, réparer ou travailler avec des machines","Principalement devant un ordinateur;Bureau / entreprise;Sur le terrain / déplacements fréquents","Informatique Télécommunication"
"2026/08/27 11:33:25 AM GMT+3","5","4","5","4","5","2","4","3","5","2","5","4","4","3","4","2","4","Développer des logiciels ou applications;Analyser des données et produire des statistiques;Travailler dans la biologie et les sciences du vivant","Principalement devant un ordinateur;Bureau / entreprise;Sur le terrain / déplacements fréquents;Studio ou environnement créatif","Informatique Télécommunication"